{"attens": [[0.0, 50.0], [1.0, 49.0], [2.0, 48.0], [3.0, 47.0], [4.0, 47.0], [5.0, 46.0], [6.0, 45.0], [7.0, 45.0], [8.0, 44.0], [9.0, 43.0], [10.0, 42.0], [11.0, 41.0], [12.0, 40.0], [13.0, 39.0], [14.0, 38.0], [15.0, 37.0], [16.0, 36.0], [17.0, 34.0], [18.0, 33.0], [19.0, 32.0], [20.0, 32.0], [21.0, 32.0], [22.0, 30.0], [23.0, 29.0], [24.0, 28.0], [25.0, 28.0], [26.0, 27.0], [27.0, 27.0], [28.0, 25.0], [29.0, 24.0], [30.0, 23.0], [31.0, 23.0], [32.0, 23.0], [33.0, 22.0], [34.0, 22.0]], "sweep_config": {"steps": [-1.0, -0.9960861056751468, -0.9921722113502935, -0.9882583170254403, -0.9843444227005871, -0.9804305283757339, -0.9765166340508806, -0.9726027397260274, -0.9686888454011742, -0.9647749510763209, -0.9608610567514677, -0.9569471624266145, -0.9530332681017613, -0.949119373776908, -0.9452054794520548, -0.9412915851272016, -0.9373776908023483, -0.9334637964774951, -0.9295499021526419, -0.9256360078277885, -0.9217221135029354, -0.9178082191780822, -0.913894324853229, -0.9099804305283757, -0.9060665362035225, -0.9021526418786693, -0.898238747553816, -0.8943248532289628, -0.8904109589041096, -0.8864970645792564, -0.8825831702544031, -0.8786692759295499, -0.8747553816046966, -0.8708414872798435, -0.8669275929549902, -0.863013698630137, -0.8590998043052838, -0.8551859099804305, -0.8512720156555773, -0.8473581213307241, -0.8434442270058707, -0.8395303326810176, -0.8356164383561644, -0.8317025440313112, -0.8277886497064579, -0.8238747553816047, -0.8199608610567515, -0.8160469667318982, -0.8121330724070449, -0.8082191780821917, -0.8043052837573386, -0.8003913894324853, -0.7964774951076321, -0.7925636007827788, -0.7886497064579256, -0.7847358121330724, -0.7808219178082192, -0.776908023483366, -0.7729941291585127, -0.7690802348336595, -0.7651663405088063, -0.7612524461839529, -0.7573385518590998, -0.7534246575342466, -0.7495107632093934, -0.7455968688845401, -0.7416829745596868, -0.7377690802348337, -0.7338551859099804, -0.7299412915851271, -0.726027397260274, -0.7221135029354208, -0.7181996086105675, -0.7142857142857143, -0.710371819960861, -0.7064579256360078, -0.7025440313111546, -0.6986301369863013, -0.6947162426614482, -0.6908023483365949, -0.6868884540117417, -0.6829745596868885, -0.6790606653620351, -0.6751467710371819, -0.6712328767123288, -0.6673189823874754, -0.6634050880626223, -0.659491193737769, -0.6555772994129159, -0.6516634050880626, -0.6477495107632093, -0.6438356164383562, -0.639921722113503, -0.6360078277886497, -0.6320939334637965, -0.6281800391389432, -0.62426614481409, -0.6203522504892368, -0.6164383561643835, -0.6125244618395304, -0.608610567514677, -0.6046966731898239, -0.6007827788649707, -0.5968688845401173, -0.5929549902152641, -0.589041095890411, -0.5851272015655576, -0.5812133072407045, -0.5772994129158512, -0.5733855185909981, -0.5694716242661448, -0.5655577299412915, -0.5616438356164384, -0.5577299412915852, -0.5538160469667319, -0.5499021526418787, -0.5459882583170254, -0.5420743639921721, -0.538160469667319, -0.5342465753424657, -0.5303326810176126, -0.5264187866927592, -0.5225048923679061, -0.5185909980430528, -0.5146771037181996, -0.5107632093933463, -0.5068493150684932, -0.5029354207436398, -0.49902152641878667, -0.4951076320939335, -0.4911937377690802, -0.48727984344422703, -0.48336594911937375, -0.4794520547945205, -0.4755381604696673, -0.47162426614481406, -0.4677103718199609, -0.46379647749510755, -0.4598825831702544, -0.45596868884540115, -0.452054794520548, -0.44814090019569464, -0.44422700587084146, -0.44031311154598823, -0.43639921722113506, -0.4324853228962817, -0.42857142857142855, -0.4246575342465753, -0.42074363992172215, -0.4168297455968688, -0.4129158512720156, -0.4090019569471624, -0.4050880626223092, -0.401174168297456, -0.39726027397260266, -0.3933463796477495, -0.38943248532289626, -0.3855185909980431, -0.38160469667318975, -0.3776908023483366, -0.37377690802348335, -0.36986301369863017, -0.36594911937377683, -0.36203522504892366, -0.35812133072407043, -0.35420743639921726, -0.3502935420743639, -0.3463796477495107, -0.3424657534246575, -0.3385518590998043, -0.334637964774951, -0.3307240704500978, -0.3268101761252446, -0.32289628180039137, -0.3189823874755382, -0.31506849315068486, -0.3111545988258317, -0.30724070450097846, -0.3033268101761253, -0.29941291585127194, -0.29549902152641877, -0.29158512720156554, -0.2876712328767123, -0.28375733855185903, -0.2798434442270058, -0.2759295499021526, -0.2720156555772994, -0.2681017612524461, -0.2641878669275929, -0.2602739726027397, -0.2563600782778865, -0.2524461839530332, -0.24853228962817997, -0.24461839530332677, -0.24070450097847357, -0.23679060665362037, -0.23287671232876705, -0.22896281800391385, -0.22504892367906065, -0.22113502935420745, -0.21722113502935414, -0.21330724070450094, -0.20939334637964774, -0.20547945205479454, -0.2015655577299412, -0.197651663405088, -0.1937377690802348, -0.1898238747553816, -0.18590998043052828, -0.18199608610567508, -0.17808219178082188, -0.17416829745596868, -0.17025440313111537, -0.16634050880626217, -0.16242661448140897, -0.15851272015655576, -0.15459882583170256, -0.15068493150684925, -0.14677103718199605, -0.14285714285714285, -0.13894324853228965, -0.1350293542074363, -0.1311154598825831, -0.1272015655577299, -0.12328767123287672, -0.1193737769080234, -0.11545988258317019, -0.11154598825831699, -0.10763209393346379, -0.10371819960861048, -0.09980430528375728, -0.09589041095890408, -0.09197651663405088, -0.08806262230919755, -0.08414872798434435, -0.08023483365949115, -0.07632093933463795, -0.07240704500978475, -0.06849315068493143, -0.06457925636007823, -0.06066536203522503, -0.05675146771037183, -0.05283757338551851, -0.04892367906066531, -0.04500978473581211, -0.04109589041095891, -0.03718199608610559, -0.03326810176125239, -0.029354207436399184, -0.025440313111545983, -0.021526418786692664, -0.017612524461839463, -0.013698630136986262, -0.009784735812133061, -0.005870841487279744, -0.0019569471624265424, 0.001956947162426659, 0.0058708414872798605, 0.009784735812133061, 0.013698630136986379, 0.01761252446183958, 0.021526418786692782, 0.025440313111545983, 0.029354207436399302, 0.0332681017612525, 0.0371819960861057, 0.04109589041095891, 0.04500978473581222, 0.04892367906066542, 0.05283757338551874, 0.05675146771037183, 0.06066536203522514, 0.06457925636007823, 0.06849315068493154, 0.07240704500978487, 0.07632093933463795, 0.08023483365949127, 0.08414872798434458, 0.08806262230919767, 0.09197651663405099, 0.09589041095890408, 0.09980430528375739, 0.10371819960861071, 0.10763209393346379, 0.11154598825831712, 0.11545988258317019, 0.11937377690802352, 0.12328767123287683, 0.1272015655577299, 0.13111545988258325, 0.13502935420743656, 0.13894324853228965, 0.14285714285714296, 0.14677103718199605, 0.15068493150684936, 0.15459882583170267, 0.15851272015655576, 0.16242661448140908, 0.1663405088062624, 0.17025440313111548, 0.1741682974559688, 0.17808219178082188, 0.1819960861056752, 0.18590998043052853, 0.1898238747553816, 0.19373776908023493, 0.197651663405088, 0.20156555772994134, 0.20547945205479465, 0.20939334637964774, 0.21330724070450105, 0.21722113502935436, 0.22113502935420745, 0.22504892367906076, 0.22896281800391385, 0.23287671232876717, 0.23679060665362048, 0.24070450097847357, 0.24461839530332688, 0.24853228962818022, 0.2524461839530333, 0.2563600782778866, 0.2602739726027397, 0.264187866927593, 0.26810176125244634, 0.2720156555772994, 0.27592954990215274, 0.2798434442270058, 0.28375733855185914, 0.2876712328767125, 0.29158512720156554, 0.2954990215264189, 0.29941291585127217, 0.3033268101761253, 0.30724070450097857, 0.3111545988258317, 0.31506849315068497, 0.3189823874755383, 0.32289628180039137, 0.3268101761252447, 0.330724070450098, 0.3346379647749511, 0.3385518590998044, 0.3424657534246575, 0.3463796477495108, 0.35029354207436414, 0.35420743639921726, 0.35812133072407054, 0.36203522504892366, 0.36594911937377694, 0.3698630136986303, 0.37377690802348335, 0.3776908023483367, 0.38160469667318997, 